{
  "schema_version": 1,
  "generated_at_unix_ms": 1771588789895,
  "git_commit": "f880590",
  "workloads": [
    {
      "name": "ufunc_add_broadcast_256x256_by_256",
      "runs": 20,
      "samples_ms": [
        3.4285959999999998,
        3.422114,
        3.337014,
        3.1202080000000003,
        3.148391,
        3.117583,
        3.118445,
        3.125167,
        3.123234,
        3.1143870000000002,
        3.114217,
        3.101903,
        3.139173,
        3.112654,
        3.11652,
        3.1242560000000004,
        3.11097,
        3.124585,
        3.1096980000000003,
        3.1185140000000002
      ],
      "percentiles": {
        "p50_ms": 3.1202080000000003,
        "p95_ms": 3.422114,
        "p99_ms": 3.4285959999999998,
        "min_ms": 3.101903,
        "max_ms": 3.4285959999999998
      },
      "telemetry": {
        "elements_per_run": 65536,
        "bytes_processed_per_run": 1572864,
        "throughput_elements_per_sec_p50": 21003727.956597764,
        "throughput_elements_per_sec_p95": 19150735.481050603,
        "bandwidth_mib_per_sec_p50": 480.7371816237891,
        "bandwidth_mib_per_sec_p95": 438.32554964562837
      }
    },
    {
      "name": "reduce_sum_axis1_keepdims_false_256x256",
      "runs": 20,
      "samples_ms": [
        0.453399,
        0.438662,
        0.45123500000000005,
        0.43835199999999996,
        0.454091,
        0.438292,
        0.43758,
        0.45737700000000003,
        0.437751,
        0.45331899999999997,
        0.43770000000000003,
        0.45023399999999997,
        0.542096,
        0.5684060000000001,
        0.481422,
        0.445345,
        0.438502,
        0.477074,
        0.515315,
        0.44798899999999997
      ],
      "percentiles": {
        "p50_ms": 0.45123500000000005,
        "p95_ms": 0.542096,
        "p99_ms": 0.5684060000000001,
        "min_ms": 0.43758,
        "max_ms": 0.5684060000000001
      },
      "telemetry": {
        "elements_per_run": 256,
        "bytes_processed_per_run": 526336,
        "throughput_elements_per_sec_p50": 567331.878067969,
        "throughput_elements_per_sec_p95": 472241.07907086564,
        "bandwidth_mib_per_sec_p50": 1112.3984730794375,
        "bandwidth_mib_per_sec_p95": 925.9487710663793
      }
    },
    {
      "name": "reduce_sum_all_keepdims_false_256x256",
      "runs": 20,
      "samples_ms": [
        0.34665999999999997,
        0.34663,
        0.9314049999999999,
        0.364102,
        0.345808,
        0.345779,
        0.363972,
        0.345748,
        0.346569,
        0.364243,
        0.345778,
        0.345748,
        0.354505,
        0.345708,
        0.345748,
        0.35321199999999997,
        0.34664,
        0.353352,
        0.345748,
        0.345779
      ],
      "percentiles": {
        "p50_ms": 0.34663,
        "p95_ms": 0.364243,
        "p99_ms": 0.9314049999999999,
        "min_ms": 0.345708,
        "max_ms": 0.9314049999999999
      },
      "telemetry": {
        "elements_per_run": 1,
        "bytes_processed_per_run": 524296,
        "throughput_elements_per_sec_p50": 2884.920520439662,
        "throughput_elements_per_sec_p95": 2745.4199531631357,
        "bandwidth_mib_per_sec_p50": 1442.4822704166727,
        "bandwidth_mib_per_sec_p95": 1372.7309224735445
      }
    }
  ],
  "environment_fingerprint": "os=linux arch=x86_64 cpus=128 rustc=rustc 1.95.0-nightly (7f99507f5 2026-02-19)",
  "reproducibility": {
    "command": "cargo run -p fnp-conformance --bin generate_benchmark_baseline",
    "repo_root": "/data/projects/franken_numpy/crates/fnp-conformance/../..",
    "output_path": "/data/projects/franken_numpy/artifacts/baselines/ufunc_benchmark_baseline.json",
    "rustc_version": "rustc 1.95.0-nightly (7f99507f5 2026-02-19)",
    "cargo_profile": "release"
  },
  "evidence_log_refs": [
    "artifacts/logs/runtime_policy_e2e_1771588349136.jsonl",
    "artifacts/logs/test_contract_e2e_1771588573671.jsonl",
    "artifacts/logs/workflow_scenario_e2e_1771195068.jsonl"
  ]
}