{
  "schema_version": 1,
  "generated_at_unix_ms": 1771018619673,
  "git_commit": "527bd9d",
  "workloads": [
    {
      "name": "ufunc_add_broadcast_256x256_by_256",
      "runs": 20,
      "samples_ms": [
        1.0636910000000002,
        0.744634,
        0.517189,
        0.509243,
        0.518431,
        0.509744,
        0.522869,
        0.610443,
        0.52307,
        0.5128100000000001,
        0.522438,
        0.51263,
        0.526646,
        0.509203,
        0.524382,
        0.5091540000000001,
        0.527207,
        0.5130399999999999,
        0.5491680000000001,
        0.525974
      ],
      "percentiles": {
        "p50_ms": 0.522869,
        "p95_ms": 0.744634,
        "p99_ms": 1.0636910000000002,
        "min_ms": 0.5091540000000001,
        "max_ms": 1.0636910000000002
      }
    },
    {
      "name": "reduce_sum_axis1_keepdims_false_256x256",
      "runs": 20,
      "samples_ms": [
        0.46894800000000003,
        0.449071,
        0.46376799999999996,
        0.45023300000000005,
        0.594133,
        0.446947,
        0.48492799999999997,
        0.44895999999999997,
        0.467405,
        0.451525,
        0.467655,
        0.44657600000000003,
        0.463007,
        0.447658,
        0.447748,
        0.455042,
        0.450894,
        0.46591299999999997,
        0.44651599999999997,
        0.462626
      ],
      "percentiles": {
        "p50_ms": 0.455042,
        "p95_ms": 0.48492799999999997,
        "p99_ms": 0.594133,
        "min_ms": 0.44651599999999997,
        "max_ms": 0.594133
      }
    },
    {
      "name": "reduce_sum_all_keepdims_false_256x256",
      "runs": 20,
      "samples_ms": [
        0.049453000000000004,
        0.049322,
        0.049311999999999995,
        0.049302000000000006,
        0.049382999999999996,
        0.049302000000000006,
        0.049393,
        0.049302000000000006,
        0.049311999999999995,
        0.049303,
        0.049382,
        0.049293,
        0.049311999999999995,
        0.049302000000000006,
        0.065412,
        0.049302000000000006,
        0.049313,
        0.049292,
        0.049313,
        0.049302000000000006
      ],
      "percentiles": {
        "p50_ms": 0.049311999999999995,
        "p95_ms": 0.049453000000000004,
        "p99_ms": 0.065412,
        "min_ms": 0.049292,
        "max_ms": 0.065412
      }
    }
  ]
}