{
  "schema_version": 1,
  "generated_at_unix_ms": 1775603025975,
  "git_commit": "8b748d5",
  "workloads": [
    {
      "name": "ufunc_add_broadcast_256x256_by_256",
      "runs": 20,
      "samples_ms": [
        4.185758000000001,
        3.394974,
        2.845005,
        2.644236,
        2.6260519999999996,
        2.632003,
        2.6454180000000003,
        2.6248199999999997,
        2.629448,
        2.913946,
        3.6754040000000003,
        3.357815,
        3.456581,
        3.331014,
        2.705452,
        2.833824,
        2.666799,
        2.665827,
        2.647832,
        2.6662869999999996
      ],
      "percentiles": {
        "p50_ms": 2.705452,
        "p95_ms": 3.6754040000000003,
        "p99_ms": 4.185758000000001,
        "min_ms": 2.6248199999999997,
        "max_ms": 4.185758000000001
      },
      "telemetry": {
        "elements_per_run": 65536,
        "bytes_processed_per_run": 1572864,
        "throughput_elements_per_sec_p50": 24223678.70507405,
        "throughput_elements_per_sec_p95": 17830964.97691138,
        "bandwidth_mib_per_sec_p50": 554.436005517747,
        "bandwidth_mib_per_sec_p95": 408.1184000452739,
        "peak_live_bytes_per_run": 1572864,
        "heap_allocations_per_run": 1,
        "allocator_stress": "steady"
      }
    },
    {
      "name": "reduce_sum_axis1_keepdims_false_256x256",
      "runs": 20,
      "samples_ms": [
        0.316037,
        0.32460300000000003,
        0.31019599999999997,
        0.310998,
        0.33005399999999996,
        0.31003600000000003,
        0.31013599999999997,
        0.31019599999999997,
        0.325194,
        0.310968,
        0.310006,
        0.32321,
        0.310075,
        0.310035,
        0.32249,
        0.310086,
        0.31002599999999997,
        0.332217,
        0.310056,
        0.31082800000000005
      ],
      "percentiles": {
        "p50_ms": 0.31082800000000005,
        "p95_ms": 0.33005399999999996,
        "p99_ms": 0.332217,
        "min_ms": 0.310006,
        "max_ms": 0.332217
      },
      "telemetry": {
        "elements_per_run": 256,
        "bytes_processed_per_run": 526336,
        "throughput_elements_per_sec_p50": 823606.6248857888,
        "throughput_elements_per_sec_p95": 775630.6543777686,
        "bandwidth_mib_per_sec_p50": 1614.8903091098612,
        "bandwidth_mib_per_sec_p95": 1520.821214104359,
        "peak_live_bytes_per_run": 526336,
        "heap_allocations_per_run": 1,
        "allocator_stress": "steady"
      }
    },
    {
      "name": "reduce_sum_all_keepdims_false_256x256",
      "runs": 20,
      "samples_ms": [
        0.32111599999999996,
        0.304144,
        0.304876,
        0.31736,
        0.30406500000000003,
        0.304134,
        0.304095,
        0.318292,
        0.304074,
        0.30486599999999997,
        0.324844,
        0.304145,
        0.305006,
        0.319554,
        0.304205,
        0.304916,
        0.31726,
        0.30408399999999997,
        0.304977,
        0.30408399999999997
      ],
      "percentiles": {
        "p50_ms": 0.304876,
        "p95_ms": 0.32111599999999996,
        "p99_ms": 0.324844,
        "min_ms": 0.30406500000000003,
        "max_ms": 0.324844
      },
      "telemetry": {
        "elements_per_run": 1,
        "bytes_processed_per_run": 524296,
        "throughput_elements_per_sec_p50": 3280.022041748121,
        "throughput_elements_per_sec_p95": 3114.139438707508,
        "bandwidth_mib_per_sec_p50": 1640.036045456288,
        "bandwidth_mib_per_sec_p95": 1557.0934783521573,
        "peak_live_bytes_per_run": 524296,
        "heap_allocations_per_run": 1,
        "allocator_stress": "steady"
      }
    },
    {
      "name": "ufunc_add_broadcast_1024x1024_by_1024",
      "runs": 8,
      "samples_ms": [
        46.390741999999996,
        47.18874,
        50.992377,
        50.727156,
        47.919761,
        44.519746999999995,
        46.776131,
        47.793293
      ],
      "percentiles": {
        "p50_ms": 47.793293,
        "p95_ms": 50.992377,
        "p99_ms": 50.992377,
        "min_ms": 44.519746999999995,
        "max_ms": 50.992377
      },
      "telemetry": {
        "elements_per_run": 1048576,
        "bytes_processed_per_run": 25165824,
        "throughput_elements_per_sec_p50": 21939814.86063327,
        "throughput_elements_per_sec_p95": 20563387.347093076,
        "bandwidth_mib_per_sec_p50": 502.16251054305883,
        "bandwidth_mib_per_sec_p95": 470.6585849096621,
        "peak_live_bytes_per_run": 25165824,
        "heap_allocations_per_run": 1,
        "allocator_stress": "steady"
      }
    },
    {
      "name": "matmul_256x256_by_256x256",
      "runs": 6,
      "samples_ms": [
        94.329979,
        93.505753,
        102.368598,
        106.267996,
        104.207703,
        106.94354200000001
      ],
      "percentiles": {
        "p50_ms": 104.207703,
        "p95_ms": 106.94354200000001,
        "p99_ms": 106.94354200000001,
        "min_ms": 93.505753,
        "max_ms": 106.94354200000001
      },
      "telemetry": {
        "elements_per_run": 65536,
        "bytes_processed_per_run": 1572864,
        "throughput_elements_per_sec_p50": 628897.8464480692,
        "throughput_elements_per_sec_p95": 612809.3269998481,
        "bandwidth_mib_per_sec_p50": 14.394329371217404,
        "bandwidth_mib_per_sec_p95": 14.026092384334904,
        "peak_live_bytes_per_run": 1572864,
        "heap_allocations_per_run": 1,
        "allocator_stress": "steady"
      }
    },
    {
      "name": "sort_quicksort_1m",
      "runs": 8,
      "samples_ms": [
        67.19931799999999,
        56.449417000000004,
        56.401878,
        56.374666,
        56.358235,
        56.829024,
        56.474675000000005,
        56.454186
      ],
      "percentiles": {
        "p50_ms": 56.454186,
        "p95_ms": 67.19931799999999,
        "p99_ms": 67.19931799999999,
        "min_ms": 56.358235,
        "max_ms": 67.19931799999999
      },
      "telemetry": {
        "elements_per_run": 1000000,
        "bytes_processed_per_run": 16000000,
        "throughput_elements_per_sec_p50": 17713478.323821727,
        "throughput_elements_per_sec_p95": 14881103.40643636,
        "bandwidth_mib_per_sec_p50": 270.2862293063618,
        "bandwidth_mib_per_sec_p95": 227.06761789606261,
        "peak_live_bytes_per_run": 16000000,
        "heap_allocations_per_run": 1,
        "allocator_stress": "steady"
      }
    },
    {
      "name": "fft_65536",
      "runs": 8,
      "samples_ms": [
        11.832807,
        11.849338,
        11.845652,
        11.828289,
        11.83967,
        11.808882,
        11.827969000000001,
        11.826965999999999
      ],
      "percentiles": {
        "p50_ms": 11.832807,
        "p95_ms": 11.849338,
        "p99_ms": 11.849338,
        "min_ms": 11.808882,
        "max_ms": 11.849338
      },
      "telemetry": {
        "elements_per_run": 65536,
        "bytes_processed_per_run": 1572864,
        "throughput_elements_per_sec_p50": 5538499.867360298,
        "throughput_elements_per_sec_p95": 5530773.111544291,
        "bandwidth_mib_per_sec_p50": 126.7662017981025,
        "bandwidth_mib_per_sec_p95": 126.58935039240167,
        "peak_live_bytes_per_run": 1572864,
        "heap_allocations_per_run": 1,
        "allocator_stress": "steady"
      }
    },
    {
      "name": "astype_f64_to_i32_1024x1024",
      "runs": 10,
      "samples_ms": [
        7.892441999999999,
        6.612665,
        6.583188,
        6.59951,
        6.5908929999999994,
        6.601954,
        6.6089269999999996,
        6.658591,
        6.592096000000001,
        6.592335
      ],
      "percentiles": {
        "p50_ms": 6.601954,
        "p95_ms": 7.892441999999999,
        "p99_ms": 7.892441999999999,
        "min_ms": 6.583188,
        "max_ms": 7.892441999999999
      },
      "telemetry": {
        "elements_per_run": 1048576,