{
  "results": [
    {
      "command": "/data/tmp/cargo-target/release/generate_benchmark_baseline",
      "mean": 0.026077125640000004,
      "stddev": 0.0007863926130850713,
      "median": 0.02587735754,
      "user": 0.0222856,
      "system": 0.0036779599999999996,
      "min": 0.02503634854,
      "max": 0.02747043554,
      "times": [
        0.02675232054,
        0.02564216254,
        0.02747043554,
        0.02547983854,
        0.02706144954,
        0.02617604154,
        0.02503634854,
        0.02577841754,
        0.02539794454,
        0.025976297540000002
      ],
      "exit_codes": [
        0,
        0,
        0,
        0,
        0,
        0,
        0,
        0,
        0,
        0
      ]
    }
  ]
}
