{
  "results": [
    {
      "command": "/data/tmp/cargo-target/release/generate_benchmark_baseline",
      "mean": 0.025813974100000005,
      "stddev": 0.0005378142631702773,
      "median": 0.0259929826,
      "user": 0.021459699999999998,
      "system": 0.00412182,
      "min": 0.0249411476,
      "max": 0.026603951600000002,
      "times": [
        0.0260063616,
        0.0263550946,
        0.0261388606,
        0.0249411476,
        0.025608767600000002,
        0.0259800136,
        0.025389086600000003,
        0.0260059516,
        0.026603951600000002,
        0.025110505600000003
      ],
      "exit_codes": [
        0,
        0,
        0,
        0,
        0,
        0,
        0,
        0,
        0,
        0
      ]
    }
  ]
}
