{
  "schema_version": 1,
  "generated_at_unix_ms": 1774598710771,
  "git_commit": "a51cbac",
  "workloads": [
    {
      "name": "ufunc_add_broadcast_256x256_by_256",
      "runs": 20,
      "samples_ms": [
        1.047723,
        0.969364,
        0.921544,
        0.9297500000000001,
        1.555655,
        1.417994,
        1.113808,
        1.021023,
        0.9847739999999999,
        0.979604,
        0.944669,
        0.9310320000000001,
        0.927065,
        0.926403,
        0.9505899999999999,
        0.9756870000000001,
        0.982529,
        0.9839519999999999,
        0.9634039999999999,
        0.925502
      ],
      "percentiles": {
        "p50_ms": 0.9756870000000001,
        "p95_ms": 1.417994,
        "p99_ms": 1.555655,
        "min_ms": 0.921544,
        "max_ms": 1.555655
      },
      "telemetry": {
        "elements_per_run": 65536,
        "bytes_processed_per_run": 1572864,
        "throughput_elements_per_sec_p50": 67169081.88794151,
        "throughput_elements_per_sec_p95": 46217402.89451154,
        "bandwidth_mib_per_sec_p50": 1537.3782780748334,
        "bandwidth_mib_per_sec_p95": 1057.8324026758928
      }
    },
    {
      "name": "reduce_sum_axis1_keepdims_false_256x256",
      "runs": 20,
      "samples_ms": [
        0.048501999999999997,
        0.039235,
        0.039254,
        0.039084,
        0.039234,
        0.039063999999999995,
        0.039155,
        0.039134,
        0.039124,
        0.039164,
        0.039034,
        0.039204,
        0.039054000000000005,
        0.039325,
        0.039164,
        0.051316999999999995,
        0.039194,
        0.039044,
        0.039155,
        0.039214
      ],
      "percentiles": {
        "p50_ms": 0.039164,
        "p95_ms": 0.048501999999999997,
        "p99_ms": 0.051316999999999995,
        "min_ms": 0.039034,
        "max_ms": 0.051316999999999995
      },
      "telemetry": {
        "elements_per_run": 256,
        "bytes_processed_per_run": 526336,
        "throughput_elements_per_sec_p50": 6536615.2589112455,
        "throughput_elements_per_sec_p95": 5278132.860500598,
        "bandwidth_mib_per_sec_p50": 12816.697094270248,
        "bandwidth_mib_per_sec_p95": 10349.122201146345
      }
    },
    {
      "name": "reduce_sum_all_keepdims_false_256x256",
      "runs": 20,
      "samples_ms": [
        0.043782999999999996,
        0.043793,
        0.043632,
        0.043503,
        0.043692,
        0.043433,
        0.043642,
        0.043613,
        0.043412,
        0.043613,
        0.043813000000000005,
        0.046708,
        0.045917,
        0.045957,
        0.046789000000000004,
        0.045937,
        0.045917,
        0.045927,
        0.054453,
        0.045977
      ],
      "percentiles": {
        "p50_ms": 0.043813000000000005,
        "p95_ms": 0.046789000000000004,
        "p99_ms": 0.054453,
        "min_ms": 0.043412,
        "max_ms": 0.054453
      },
      "telemetry": {
        "elements_per_run": 1,
        "bytes_processed_per_run": 524296,
        "throughput_elements_per_sec_p50": 22824.275899847074,
        "throughput_elements_per_sec_p95": 21372.544828912778,
        "bandwidth_mib_per_sec_p50": 11412.312085329268,
        "bandwidth_mib_per_sec_p95": 10686.435474033025
      }
    },
    {
      "name": "ufunc_add_broadcast_1024x1024_by_1024",
      "runs": 8,
      "samples_ms": [
        18.724992999999998,
        18.221871,
        18.358339,
        17.43447,
        17.45006,
        17.109545999999998,
        17.937833,
        17.720802
      ],
      "percentiles": {
        "p50_ms": 17.937833,
        "p95_ms": 18.724992999999998,
        "p99_ms": 18.724992999999998,
        "min_ms": 17.109545999999998,
        "max_ms": 18.724992999999998
      },
      "telemetry": {
        "elements_per_run": 1048576,
        "bytes_processed_per_run": 25165824,
        "throughput_elements_per_sec_p50": 58456113.40009688,
        "throughput_elements_per_sec_p95": 55998739.22516287,
        "bandwidth_mib_per_sec_p50": 1337.9542556784868,
        "bandwidth_mib_per_sec_p95": 1281.7094244040572
      }
    },
    {
      "name": "matmul_256x256_by_256x256",
      "runs": 6,
      "samples_ms": [
        3.003034,
        2.717343,
        2.693509,
        2.679862,
        2.675575,
        3.282463
      ],
      "percentiles": {
        "p50_ms": 2.717343,
        "p95_ms": 3.282463,
        "p99_ms": 3.282463,
        "min_ms": 2.675575,
        "max_ms": 3.282463
      },
      "telemetry": {
        "elements_per_run": 65536,
        "bytes_processed_per_run": 1572864,
        "throughput_elements_per_sec_p50": 24117676.7158213,
        "throughput_elements_per_sec_p95": 19965495.422187548,
        "bandwidth_mib_per_sec_p50": 552.0098125264275,
        "bandwidth_mib_per_sec_p95": 456.97392476320374
      }
    },
    {
      "name": "sort_quicksort_1m",
      "runs": 8,
      "samples_ms": [
        11.32168,
        4.196402999999999,
        4.283526999999999,
        4.0731090000000005,
        4.36876,
        4.164643,
        4.160034,
        4.181946
      ],
      "percentiles": {
        "p50_ms": 4.196402999999999,
        "p95_ms": 11.32168,
        "p99_ms": 11.32168,
        "min_ms": 4.0731090000000005,
        "max_ms": 11.32168
      },
      "telemetry": {
        "elements_per_run": 1000000,
        "bytes_processed_per_run": 16000000,
        "throughput_elements_per_sec_p50": 238299324.44524518,
        "throughput_elements_per_sec_p95": 88326114.14560382,
        "bandwidth_mib_per_sec_p50": 3636.159125446246,
        "bandwidth_mib_per_sec_p95": 1347.749544458066
      }
    },
    {
      "name": "fft_65536",
      "runs": 8,
      "samples_ms": [
        1.436459,
        1.456818,
        1.431269,
        1.454774,
        1.4583300000000001,
        1.5217010000000002,
        1.5027840000000001,
        1.455425
      ],
      "percentiles": {
        "p50_ms": 1.456818,
        "p95_ms": 1.5217010000000002,
        "p99_ms": 1.5217010000000002,
        "min_ms": 1.431269,
        "max_ms": 1.5217010000000002
      },
      "telemetry": {
        "elements_per_run": 65536,
        "bytes_processed_per_run": 1572864,
        "throughput_elements_per_sec_p50": 44985715.442835,
        "throughput_elements_per_sec_p95": 43067593.436555535,
        "bandwidth_mib_per_sec_p50": 1029.6413141518021,
        "bandwidth_mib_per_sec_p95": 985.7389855168656
      }
    },
    {
      "name": "astype_f64_to_i32_1024x1024",
      "runs": 10,
      "samples_ms": [
        2.019523,
        0.7516930000000001,
        0.747785,
        0.7397499999999999,
        0.7572739999999999,
        0.7899149999999999,
        0.814332,
        0.772542,
        0.748086,
        0.745882
      ],
      "percentiles": {
        "p50_ms": 0.7572739999999999,
        "p95_ms": 2.019523,
        "p99_ms": 2.019523,
        "min_ms": 0.7397499999999999,
        "max_ms": 2.019523
      },
      "telemetry": {
        "elements_per_run": 1048576,
        "bytes_processed_per_run": 12582912,
        "throughput_elements_per_sec_p50": 1384671862.4962697,
        "throughput_elements_per_sec_p95": 519219637.5084612,
        "bandwidth_mib_per_sec_p50": 15846.311902957188,
        "bandwidth_mib_per_sec_p95": 5941.997194386991
      }
    },
    {
      "name": "reshape_1024x1024_to_2048x512",
      "runs": 20,
      "samples_ms": [
        0.19933700000000001,
        0.197714,
        0.198025,
        0.19109199999999998,
        0.19041,
        0.190531,
        0.188357,
        0.156596,
        0.16306900000000002,
        0.157448,
        0.156847,
        0.157899,
        0.167096,
        0.16100399999999998,
        0.167307,
        0.16401100000000002,
        0.15843000000000002,
        0.158109,
        0.15841999999999998,
        0.15835
      ],
      "percentiles": {
        "p50_ms": 0.16401100000000002,
        "p95_ms": 0.198025,